﻿<?xml version="1.0" encoding="utf-8"?>
<Template zuiclass="MessageBox" layout="window" size="300,160" name="msgbox" text="对话框"  center="true" bordercolor="#FF888888" bkcolor="#FF272727">
    <HorizontalLayout name="head" drag="true" height="23">
      <!--标题栏-->
      <HorizontalLayout name="Title" inset="0,0,28,0" drag="true">
        <Label name="title" font="font:size=10:bold=true" text="消息框" align="left" drag="true"/>
      </HorizontalLayout>
	<WindowCtl name="ctl"/>
    </HorizontalLayout>
    <NULL height="1" bkcolor="#FF484848"/>
  <HorizontalLayout valign="vcenter" inset="32,0,16,0">
      <Button width="32" height="32" normalimage="default:default/tipinfo.png" hotimage="default:default/tipinfo.png" pushedimage="default:default/tipinfo.png" />
      <Label name="text" align="center" drag="true"/>
  </HorizontalLayout>
  <HorizontalLayout height="48">
    <Button name="ok" text="确定" padding="30,0,30,18" round="15,15"/>
    <Button name="cancel" text="取消" padding="30,0,30,18" round="15,15"/>
  </HorizontalLayout>
</Template>
